{
    "accuracy": 0.7806666666666666,
    "balanced_accuracy": 0.7806666666666667,
    "matthews_corrcoef": 0.7765451971230357,
    "cohen_kappa": 0.7761904761904762,
    "auc_ovr": 0.9864068027210884,
    "auc_ovo": 0.9864068027210884,
    "per_class": {
        "precision": [
            0.7142857142857143,
            0.6428571428571429,
            0.8333333333333334,
            0.7894736842105263,
            0.6875,
            0.75,
            0.65625,
            0.7083333333333334,
            0.6470588235294118,
            0.5294117647058824,
            1.0,
            0.6764705882352942,
            0.7714285714285715,
            1.0,
            0.8709677419354839,
            0.5757575757575758,
            0.7419354838709677,
            0.78125,
            0.967741935483871,
            0.5217391304347826,
            0.8888888888888888,
            0.967741935483871,
            0.6571428571428571,
            0.6129032258064516,
            0.6363636363636364,
            0.6666666666666666,
            0.7419354838709677,
            1.0,
            0.967741935483871,
            0.9090909090909091,
            0.6666666666666666,
            0.6875,
            0.9375,
            0.8823529411764706,
            0.8947368421052632,
            0.9629629629629629,
            0.7857142857142857,
            0.675,
            0.8518518518518519,
            0.7222222222222222,
            0.9130434782608695,
            1.0,
            0.5714285714285714,
            1.0,
            0.8823529411764706,
            0.7368421052631579,
            0.8387096774193549,
            0.7857142857142857,
            0.9473684210526315,
            0.8846153846153846
        ],
        "recall": [
            0.8333333333333334,
            0.6,
            1.0,
            0.5,
            0.7333333333333333,
            0.6,
            0.7,
            0.5666666666666667,
            0.7333333333333333,
            0.9,
            0.7,
            0.7666666666666667,
            0.9,
            0.6666666666666666,
            0.9,
            0.6333333333333333,
            0.7666666666666667,
            0.8333333333333334,
            1.0,
            0.4,
            0.8,
            1.0,
            0.7666666666666667,
            0.6333333333333333,
            0.7,
            0.5333333333333333,
            0.7666666666666667,
            0.9666666666666667,
            1.0,
            1.0,
            1.0,
            0.7333333333333333,
            1.0,
            1.0,
            0.5666666666666667,
            0.8666666666666667,
            0.7333333333333333,
            0.9,
            0.7666666666666667,
            0.43333333333333335,
            0.7,
            1.0,
            0.5333333333333333,
            1.0,
            1.0,
            0.9333333333333333,
            0.8666666666666667,
            0.7333333333333333,
            0.6,
            0.7666666666666667
        ],
        "f1": [
            0.7692307692307693,
            0.6206896551724138,
            0.9090909090909091,
            0.6122448979591837,
            0.7096774193548387,
            0.6666666666666666,
            0.6774193548387096,
            0.6296296296296297,
            0.6875,
            0.6666666666666666,
            0.8235294117647058,
            0.71875,
            0.8307692307692308,
            0.8,
            0.8852459016393442,
            0.6031746031746031,
            0.7540983606557377,
            0.8064516129032258,
            0.9836065573770492,
            0.4528301886792453,
            0.8421052631578947,
            0.9836065573770492,
            0.7076923076923077,
            0.6229508196721312,
            0.6666666666666666,
            0.5925925925925926,
            0.7540983606557377,
            0.9830508474576272,
            0.9836065573770492,
            0.9523809523809523,
            0.8,
            0.7096774193548387,
            0.967741935483871,
            0.9375,
            0.6938775510204082,
            0.9122807017543859,
            0.7586206896551724,
            0.7714285714285715,
            0.8070175438596491,
            0.5416666666666666,
            0.7924528301886793,
            1.0,
            0.5517241379310345,
            1.0,
            0.9375,
            0.8235294117647058,
            0.8524590163934426,
            0.7586206896551724,
            0.7346938775510204,
            0.8214285714285714
        ],
        "support": [
            30,
            30,
            30,
            30,
            30,
            30,
            30,
            30,
            30,
            30,
            30,
            30,
            30,
            30,
            30,
            30,
            30,
            30,
            30,
            30,
            30,
            30,
            30,
            30,
            30,
            30,
            30,
            30,
            30,
            30,
            30,
            30,
            30,
            30,
            30,
            30,
            30,
            30,
            30,
            30,
            30,
            30,
            30,
            30,
            30,
            30,
            30,
            30,
            30,
            30
        ]
    },
    "weighted_avg": {
        "precision": 0.7908170599966092,
        "recall": 0.7806666666666666,
        "f1": 0.7773648474947824
    },
    "macro_avg": {
        "precision": 0.7908170599966092,
        "recall": 0.7806666666666667,
        "f1": 0.7773648474947825
    }
}