{
    "accuracy": 0.5846666666666667,
    "balanced_accuracy": 0.5846666666666667,
    "matthews_corrcoef": 0.5805861310238734,
    "cohen_kappa": 0.5761904761904761,
    "auc_ovr": 0.9740181405895691,
    "auc_ovo": 0.9740181405895691,
    "per_class": {
        "precision": [
            0.8,
            1.0,
            1.0,
            0.7857142857142857,
            0.8,
            0.8709677419354839,
            0.7142857142857143,
            0.4,
            1.0,
            0.46938775510204084,
            1.0,
            0.7777777777777778,
            0.8571428571428571,
            1.0,
            1.0,
            0.24242424242424243,
            0.5454545454545454,
            0.40425531914893614,
            0.8666666666666667,
            0.8571428571428571,
            0.8888888888888888,
            0.3225806451612903,
            0.24271844660194175,
            0.6666666666666666,
            1.0,
            0.30120481927710846,
            0.6666666666666666,
            1.0,
            0.7407407407407407,
            0.4909090909090909,
            0.5660377358490566,
            1.0,
            0.8787878787878788,
            0.8235294117647058,
            0.27380952380952384,
            0.8,
            0.5,
            0.8666666666666667,
            0.3333333333333333,
            0.8461538461538461,
            0.9565217391304348,
            0.9333333333333333,
            0.4482758620689655,
            0.90625,
            0.574468085106383,
            0.9333333333333333,
            0.896551724137931,
            0.6382978723404256,
            0.75,
            0.84
        ],
        "recall": [
            0.5333333333333333,
            0.3,
            0.7,
            0.36666666666666664,
            0.6666666666666666,
            0.9,
            0.16666666666666666,
            0.6,
            0.5666666666666667,
            0.7666666666666667,
            0.2,
            0.4666666666666667,
            0.2,
            0.6666666666666666,
            0.03333333333333333,
            0.8,
            0.2,
            0.6333333333333333,
            0.8666666666666667,
            0.2,
            0.26666666666666666,
            1.0,
            0.8333333333333334,
            0.13333333333333333,
            0.5,
            0.8333333333333334,
            0.06666666666666667,
            0.2,
            0.6666666666666666,
            0.9,
            1.0,
            0.5,
            0.9666666666666667,
            0.9333333333333333,
            0.7666666666666667,
            0.9333333333333333,
            0.1,
            0.8666666666666667,
            0.03333333333333333,
            0.36666666666666664,
            0.7333333333333333,
            0.9333333333333333,
            0.8666666666666667,
            0.9666666666666667,
            0.9,
            0.4666666666666667,
            0.8666666666666667,
            1.0,
            0.1,
            0.7
        ],
        "f1": [
            0.64,
            0.46153846153846156,
            0.8235294117647058,
            0.5,
            0.7272727272727273,
            0.8852459016393442,
            0.2702702702702703,
            0.48,
            0.723404255319149,
            0.5822784810126582,
            0.3333333333333333,
            0.5833333333333334,
            0.32432432432432434,
            0.8,
            0.06451612903225806,
            0.37209302325581395,
            0.2926829268292683,
            0.4935064935064935,
            0.8666666666666667,
            0.32432432432432434,
            0.41025641025641024,
            0.4878048780487805,
            0.37593984962406013,
            0.2222222222222222,
            0.6666666666666666,
            0.4424778761061947,
            0.12121212121212122,
            0.3333333333333333,
            0.7017543859649122,
            0.6352941176470588,
            0.7228915662650602,
            0.6666666666666666,
            0.9206349206349206,
            0.875,
            0.40350877192982454,
            0.8615384615384616,
            0.16666666666666666,
            0.8666666666666667,
            0.06060606060606061,
            0.5116279069767442,
            0.8301886792452831,
            0.9333333333333333,
            0.5909090909090909,
            0.9354838709677419,
            0.7012987012987013,
            0.6222222222222222,
            0.8813559322033898,
            0.7792207792207793,
            0.17647058823529413,
            0.7636363636363637
        ],
        "support": [
            30,
            30,
            30,
            30,
            30,
            30,
            30,
            30,
            30,
            30,
            30,
            30,
            30,
            30,
            30,
            30,
            30,
            30,
            30,
            30,
            30,
            30,
            30,
            30,
            30,
            30,
            30,
            30,
            30,
            30,
            30,
            30,
            30,
            30,
            30,
            30,
            30,
            30,
            30,
            30,
            30,
            30,
            30,
            30,
            30,
            30,
            30,
            30,
            30,
            30
        ]
    }
}