{
    "accuracy": 0.9486666666666667,
    "balanced_accuracy": 0.9486666666666665,
    "matthews_corrcoef": 0.9476912554179576,
    "cohen_kappa": 0.9476190476190476,
    "auc_ovr": 0.9867136054421769,
    "auc_ovo": 0.9867136054421769,
    "per_class": {
        "precision": [
            0.9629629629629629,
            0.8518518518518519,
            0.967741935483871,
            0.9333333333333333,
            0.967741935483871,
            0.8125,
            0.9666666666666667,
            0.967741935483871,
            1.0,
            0.9375,
            0.9090909090909091,
            0.9642857142857143,
            0.84375,
            0.9333333333333333,
            0.8823529411764706,
            1.0,
            0.9666666666666667,
            1.0,
            1.0,
            0.8387096774193549,
            1.0,
            0.967741935483871,
            1.0,
            0.95,
            0.9032258064516129,
            0.9230769230769231,
            0.8787878787878788,
            0.9375,
            1.0,
            1.0,
            0.967741935483871,
            0.9375,
            0.967741935483871,
            1.0,
            0.967741935483871,
            0.9354838709677419,
            0.9375,
            1.0,
            1.0,
            0.8709677419354839,
            0.9090909090909091,
            1.0,
            1.0,
            1.0,
            1.0,
            0.9090909090909091,
            0.9375,
            1.0,
            1.0,
            0.8928571428571429
        ],
        "recall": [
            0.8666666666666667,
            0.7666666666666667,
            1.0,
            0.9333333333333333,
            1.0,
            0.8666666666666667,
            0.9666666666666667,
            1.0,
            0.9333333333333333,
            1.0,
            1.0,
            0.9,
            0.9,
            0.9333333333333333,
            1.0,
            1.0,
            0.9666666666666667,
            0.9666666666666667,
            1.0,
            0.8666666666666667,
            1.0,
            1.0,
            1.0,
            0.6333333333333333,
            0.9333333333333333,
            0.8,
            0.9666666666666667,
            1.0,
            1.0,
            1.0,
            1.0,
            1.0,
            1.0,
            1.0,
            1.0,
            0.9666666666666667,
            1.0,
            1.0,
            1.0,
            0.9,
            1.0,
            1.0,
            0.7666666666666667,
            1.0,
            1.0,
            1.0,
            1.0,
            1.0,
            0.7666666666666667,
            0.8333333333333334
        ],
        "f1": [
            0.9122807017543859,
            0.8070175438596491,
            0.9836065573770492,
            0.9333333333333333,
            0.9836065573770492,
            0.8387096774193549,
            0.9666666666666667,
            0.9836065573770492,
            0.9655172413793104,
            0.967741935483871,
            0.9523809523809523,
            0.9310344827586207,
            0.8709677419354839,
            0.9333333333333333,
            0.9375,
            1.0,
            0.9666666666666667,
            0.9830508474576272,
            1.0,
            0.8524590163934426,
            1.0,
            0.9836065573770492,
            1.0,
            0.76,
            0.9180327868852459,
            0.8571428571428571,
            0.9206349206349206,
            0.967741935483871,
            1.0,
            1.0,
            0.9836065573770492,
            0.967741935483871,
            0.9836065573770492,
            1.0,
            0.9836065573770492,
            0.9508196721311475,
            0.967741935483871,
            1.0,
            1.0,
            0.8852459016393442,
            0.9523809523809523,
            1.0,
            0.8679245283018868,
            1.0,
            1.0,
            0.9523809523809523,
            0.967741935483871,
            1.0,
            0.8679245283018868,
            0.8620689655172413
        ],
        "support": [
            30,
            30,
            30,
            30,
            30,
            30,
            30,
            30,
            30,
            30,
            30,
            30,
            30,
            30,
            30,
            30,
            30,
            30,
            30,
            30,
            30,
            30,
            30,
            30,
            30,
            30,
            30,
            30,
            30,
            30,
            30,
            30,
            30,
            30,
            30,
            30,
            30,
            30,
            30,
            30,
            30,
            30,
            30,
            30,
            30,
            30,
            30,
            30,
            30,
            30
        ]
    },
    "weighted_avg": {
        "precision": 0.9499955757486592,
        "recall": 0.9486666666666667,
        "f1": 0.9473885969942792
    },
    "macro_avg": {
        "precision": 0.9499955757486593,
        "recall": 0.9486666666666665,
        "f1": 0.947388596994279
    }
}