{
    "accuracy": 0.8653333333333333,
    "balanced_accuracy": 0.8653333333333335,
    "matthews_corrcoef": 0.8628766220945014,
    "cohen_kappa": 0.8625850340136054,
    "auc_ovr": 0.9950140589569162,
    "auc_ovo": 0.9950140589569162,
    "per_class": {
        "precision": [
            0.72,
            0.6060606060606061,
            0.9090909090909091,
            0.7666666666666667,
            1.0,
            0.7916666666666666,
            0.725,
            0.8108108108108109,
            0.9629629629629629,
            0.6904761904761905,
            0.9310344827586207,
            0.7272727272727273,
            0.7878787878787878,
            1.0,
            0.8484848484848485,
            0.9666666666666667,
            1.0,
            1.0,
            1.0,
            0.4838709677419355,
            0.9655172413793104,
            1.0,
            0.8787878787878788,
            0.7777777777777778,
            0.6470588235294118,
            0.8214285714285714,
            0.875,
            1.0,
            1.0,
            1.0,
            0.7317073170731707,
            1.0,
            0.9375,
            1.0,
            0.9090909090909091,
            0.9333333333333333,
            0.8666666666666667,
            0.78125,
            0.8108108108108109,
            0.875,
            0.8823529411764706,
            1.0,
            0.9583333333333334,
            1.0,
            0.8571428571428571,
            1.0,
            0.8125,
            0.8333333333333334,
            1.0,
            0.8260869565217391
        ],
        "recall": [
            0.6,
            0.6666666666666666,
            1.0,
            0.7666666666666667,
            1.0,
            0.6333333333333333,
            0.9666666666666667,
            1.0,
            0.8666666666666667,
            0.9666666666666667,
            0.9,
            0.8,
            0.8666666666666667,
            0.8666666666666667,
            0.9333333333333333,
            0.9666666666666667,
            0.8,
            0.9333333333333333,
            1.0,
            0.5,
            0.9333333333333333,
            1.0,
            0.9666666666666667,
            0.7,
            0.7333333333333333,
            0.7666666666666667,
            0.7,
            1.0,
            1.0,
            1.0,
            1.0,
            0.6,
            1.0,
            1.0,
            1.0,
            0.9333333333333333,
            0.8666666666666667,
            0.8333333333333334,
            1.0,
            0.4666666666666667,
            1.0,
            1.0,
            0.7666666666666667,
            1.0,
            1.0,
            1.0,
            0.8666666666666667,
            1.0,
            0.4666666666666667,
            0.6333333333333333
        ],
        "f1": [
            0.6545454545454545,
            0.6349206349206349,
            0.9523809523809523,
            0.7666666666666667,
            1.0,
            0.7037037037037037,
            0.8285714285714286,
            0.8955223880597015,
            0.9122807017543859,
            0.8055555555555556,
            0.9152542372881356,
            0.7619047619047619,
            0.8253968253968254,
            0.9285714285714286,
            0.8888888888888888,
            0.9666666666666667,
            0.8888888888888888,
            0.9655172413793104,
            1.0,
            0.4918032786885246,
            0.9491525423728814,
            1.0,
            0.9206349206349206,
            0.7368421052631579,
            0.6875,
            0.7931034482758621,
            0.7777777777777778,
            1.0,
            1.0,
            1.0,
            0.8450704225352113,
            0.75,
            0.967741935483871,
            1.0,
            0.9523809523809523,
            0.9333333333333333,
            0.8666666666666667,
            0.8064516129032258,
            0.8955223880597015,
            0.6086956521739131,
            0.9375,
            1.0,
            0.8518518518518519,
            1.0,
            0.9230769230769231,
            1.0,
            0.8387096774193549,
            0.9090909090909091,
            0.6363636363636364,
            0.7169811320754716
        ],
        "support": [
            30,
            30,
            30,
            30,
            30,
            30,
            30,
            30,
            30,
            30,
            30,
            30,
            30,
            30,
            30,
            30,
            30,
            30,
            30,
            30,
            30,
            30,
            30,
            30,
            30,
            30,
            30,
            30,
            30,
            30,
            30,
            30,
            30,
            30,
            30,
            30,
            30,
            30,
            30,
            30,
            30,
            30,
            30,
            30,
            30,
            30,
            30,
            30,
            30,
            30
        ]
    },
    "weighted_avg": {
        "precision": 0.8741724408984795,
        "recall": 0.8653333333333333,
        "f1": 0.8618297518314307
    },
    "macro_avg": {
        "precision": 0.8741724408984796,
        "recall": 0.8653333333333335,
        "f1": 0.8618297518314308
    }
}