{
    "loss": [
        4.541903495788574,
        4.108367443084717,
        3.936410665512085,
        3.8021442890167236,
        3.6933279037475586,
        3.6150355339050293,
        3.505784511566162,
        3.445197343826294,
        3.356344699859619,
        3.2752721309661865,
        3.1785390377044678,
        3.1339313983917236,
        3.058192729949951,
        3.0277702808380127,
        2.9334726333618164,
        2.883166551589966,
        2.8382134437561035,
        2.7600715160369873,
        2.702105760574341,
        2.641387462615967,
        2.6038331985473633,
        2.5258426666259766,
        2.4637391567230225,
        2.4371237754821777,
        2.343842029571533,
        2.262723922729492,
        2.2437832355499268,
        2.176724433898926,
        2.1666460037231445,
        2.123525857925415,
        2.0511953830718994,
        1.990389108657837,
        1.9270272254943848,
        1.9009356498718262,
        1.85501229763031,
        1.8119183778762817,
        1.729716420173645,
        1.6920651197433472,
        1.666062355041504,
        1.6251163482666016,
        1.5829401016235352,
        1.543339729309082,
        1.5341031551361084,
        1.4861690998077393,
        1.4313366413116455,
        1.4052529335021973,
        1.3963898420333862,
        1.3582465648651123,
        1.3194538354873657,
        1.2992267608642578,
        1.2815173864364624,
        1.2818193435668945,
        1.267522931098938,
        1.2343231439590454,
        1.2234019041061401,
        1.2164322137832642,
        1.1914199590682983,
        1.1677788496017456,
        1.165449857711792,
        1.1528831720352173,
        1.160428762435913,
        1.1494141817092896,
        1.1313685178756714,
        1.1149839162826538,
        1.1153697967529297,
        1.1019006967544556,
        1.0775166749954224,
        1.1090433597564697,
        1.080245852470398,
        1.108534574508667,
        1.1130529642105103,
        1.0965996980667114,
        1.0898739099502563
    ],
    "accuracy": [
        0.030571429058909416,
        0.06028571352362633,
        0.07599999755620956,
        0.09057142585515976,
        0.09771428257226944,
        0.10514285415410995,
        0.12142857164144516,
        0.13028571009635925,
        0.1468571424484253,
        0.1614285707473755,
        0.17114286124706268,
        0.18857142329216003,
        0.20314285159111023,
        0.21371428668498993,
        0.23657143115997314,
        0.25114285945892334,
        0.25,
        0.272857129573822,
        0.2808571457862854,
        0.2994285821914673,
        0.31142857670783997,
        0.3231428563594818,
        0.34285715222358704,
        0.35600000619888306,
        0.37542855739593506,
        0.39399999380111694,
        0.4117142856121063,
        0.43314287066459656,
        0.4162857234477997,
        0.4359999895095825,
        0.4617142975330353,
        0.4888571500778198,
        0.4917142987251282,
        0.5002856850624084,
        0.5162857174873352,
        0.5320000052452087,
        0.5545714497566223,
        0.5685714483261108,
        0.5737142562866211,
        0.5825714468955994,
        0.6011428833007812,
        0.6051428318023682,
        0.6082857251167297,
        0.6291428804397583,
        0.6305714249610901,
        0.649142861366272,
        0.6488571166992188,
        0.6574285626411438,
        0.668571412563324,
        0.6817142963409424,
        0.6734285950660706,
        0.6751428842544556,
        0.6854285597801208,
        0.7039999961853027,
        0.6959999799728394,
        0.6902857422828674,
        0.7034285664558411,
        0.7165714502334595,
        0.7105714082717896,
        0.7137143015861511,
        0.7134285569190979,
        0.7197142839431763,
        0.727142870426178,
        0.7257142663002014,
        0.7234285473823547,
        0.7325714230537415,
        0.7328571677207947,
        0.7317143082618713,
        0.7365714311599731,
        0.7257142663002014,
        0.7262856960296631,
        0.7371428608894348,
        0.7342857122421265
    ],
    "auc": [
        0.571819007396698,
        0.6431946158409119,
        0.6727457046508789,
        0.7028517127037048,
        0.7267294526100159,
        0.7405899167060852,
        0.763428270816803,
        0.774338960647583,
        0.7884057760238647,
        0.7993828058242798,
        0.8147456645965576,
        0.8218766450881958,
        0.8308558464050293,
        0.836022138595581,
        0.8476120233535767,
        0.8559043407440186,
        0.8614027500152588,
        0.8730289936065674,
        0.8770970106124878,
        0.8829606175422668,
        0.8859754800796509,
        0.8956827521324158,
        0.9024324417114258,
        0.9022331237792969,
        0.9105086326599121,
        0.918705940246582,
        0.918990969657898,
        0.9234930276870728,
        0.9249325394630432,
        0.9267337322235107,
        0.931422233581543,
        0.9369063973426819,
        0.9415491223335266,
        0.9440104365348816,
        0.9444929361343384,
        0.9473291039466858,
        0.9520070552825928,
        0.9544777870178223,
        0.9554885625839233,
        0.9567466378211975,
        0.9588165283203125,
        0.9601128697395325,
        0.9620457887649536,
        0.9625288248062134,
        0.9670079350471497,
        0.9673054218292236,
        0.9656568765640259,
        0.9699647426605225,
        0.9705840349197388,
        0.9701789617538452,
        0.9723089337348938,
        0.9720912575721741,
        0.972274124622345,
        0.9724792838096619,
        0.9751992225646973,
        0.9736202955245972,
        0.9757192134857178,
        0.9759253263473511,
        0.9766494035720825,
        0.9770610332489014,
        0.9758670330047607,
        0.9761508703231812,
        0.9776714444160461,
        0.9778739809989929,
        0.9785411953926086,
        0.9783906936645508,
        0.9794701337814331,
        0.9780675768852234,
        0.9794090986251831,
        0.97834312915802,
        0.9780144691467285,
        0.9786709547042847,
        0.9785122871398926
    ],