{
    "loss": [
        1.17157781124115,
        0.8283203840255737,
        0.6871212124824524,
        0.6030269265174866,
        0.5520573854446411,
        0.49587002396583557,
        0.45558956265449524,
        0.4295424520969391,
        0.4250931143760681,
        0.3952363133430481,
        0.38802969455718994,
        0.36436498165130615,
        0.3553391098976135,
        0.3287828266620636,
        0.3230263292789459,
        0.32015135884284973,
        0.3171815276145935,
        0.315140962600708,
        0.2994137108325958,
        0.29702726006507874,
        0.28659141063690186,
        0.28005915880203247,
        0.2811741828918457,
        0.28043726086616516,
        0.27754735946655273,
        0.28050458431243896,
        0.2693649232387543,
        0.26691189408302307,
        0.2602272629737854,
        0.2535753548145294,
        0.24729961156845093,
        0.252078652381897,
        0.24484384059906006,
        0.25031939148902893,
        0.24006113409996033,
        0.24476303160190582,
        0.2511402666568756,
        0.24634884297847748,
        0.24986781179904938,
        0.24655210971832275,
        0.24316056072711945,
        0.22942498326301575,
        0.23380090296268463,
        0.23234695196151733,
        0.23448556661605835,
        0.23895783722400665,
        0.2395555078983307,
        0.23742523789405823,
        0.23146040737628937,
        0.236751988530159,
        0.24526318907737732,
        0.23873743414878845,
        0.2256450653076172,
        0.2399880439043045,
        0.22771435976028442,
        0.22876550257205963,
        0.2213098704814911,
        0.21952126920223236,
        0.2214605063199997,
        0.2297677844762802,
        0.22706513106822968,
        0.2187369167804718,
        0.22753530740737915,
        0.2325260043144226,
        0.23235543072223663,
        0.22754539549350739,
        0.22330835461616516,
        0.22105726599693298,
        0.22716547548770905,
        0.23089295625686646,
        0.22403988242149353,
        0.23242580890655518,
        0.22888462245464325,
        0.23115956783294678,
        0.22690577805042267,
        0.2366832047700882,
        0.23142892122268677,
        0.22525523602962494,
        0.23063194751739502,
        0.2237180769443512
    ],
    "accuracy": [
        0.07400000095367432,
        0.17599999904632568,
        0.248285710811615,
        0.3045714199542999,
        0.34371429681777954,
        0.3854285776615143,
        0.4277142882347107,
        0.4482857286930084,
        0.4585714340209961,
        0.4845714271068573,
        0.48399999737739563,
        0.5131428837776184,
        0.5171428322792053,
        0.5425714254379272,
        0.5525714159011841,
        0.5614285469055176,
        0.555142879486084,
        0.5734285712242126,
        0.5871428847312927,
        0.5894285440444946,
        0.5962857007980347,
        0.6057142615318298,
        0.6051428318023682,
        0.5982857346534729,
        0.6102856993675232,
        0.6128571629524231,
        0.6194285750389099,
        0.628000020980835,
        0.62971431016922,
        0.6365714073181152,
        0.6351428627967834,
        0.6385714411735535,
        0.654285728931427,
        0.6425714492797852,
        0.6548571586608887,
        0.6425714492797852,
        0.6445714235305786,
        0.6494285464286804,
        0.652571439743042,
        0.6425714492797852,
        0.6545714139938354,
        0.6660000085830688,
        0.6682857275009155,
        0.6537142992019653,
        0.657714307308197,
        0.6431428790092468,
        0.6488571166992188,
        0.6565714478492737,
        0.6548571586608887,
        0.6485714316368103,
        0.657714307308197,
        0.6631428599357605,
        0.675428569316864,
        0.6597142815589905,
        0.663428544998169,
        0.6600000262260437,
        0.6722857356071472,
        0.6814285516738892,
        0.6714285612106323,
        0.656000018119812,
        0.6705714464187622,
        0.6837142705917358,
        0.6665714383125305,
        0.6605714559555054,
        0.6679999828338623,
        0.6631428599357605,
        0.677142858505249,
        0.6700000166893005,
        0.6660000085830688,
        0.665142834186554,
        0.6682857275009155,
        0.6579999923706055,
        0.6642857193946838,
        0.6548571586608887,
        0.6688571572303772,
        0.659428596496582,
        0.6694285869598389,
        0.6648571491241455,
        0.6711428761482239,
        0.6682857275009155
    ],
    "auc": [
        0.6442144513130188,
        0.7870248556137085,
        0.843116283416748,
        0.8733969926834106,
        0.8878319263458252,
        0.9059892892837524,
        0.9166929125785828,
        0.9250673651695251,
        0.9270420074462891,
        0.9337082505226135,
        0.9357484579086304,
        0.9411956071853638,
        0.9430412650108337,
        0.9477757215499878,
        0.9486957788467407,
        0.94890296459198,
        0.9520092606544495,
        0.9485808610916138,
        0.9547440409660339,
        0.952810525894165,
        0.9573204517364502,
        0.9593051671981812,
        0.9589579105377197,
        0.9583746194839478,
        0.9592137336730957,
        0.9578240513801575,
        0.9589920043945312,
        0.960969865322113,
        0.9620129466056824,
        0.9638814926147461,
        0.9640147686004639,
        0.9640690088272095,
        0.9642410278320312,
        0.9640874266624451,
        0.9664180874824524,
        0.9646632075309753,
        0.9616731405258179,
        0.9645408987998962,
        0.9636399149894714,
        0.9631420969963074,
        0.9657861590385437,
        0.9669970273971558,
        0.9658536911010742,
        0.9684419631958008,
        0.9667665958404541,
        0.9663308262825012,
        0.9654940366744995,
        0.9646790027618408,
        0.9670760631561279,
        0.9680278897285461,
        0.9631572365760803,
        0.9633990526199341,
        0.9670143127441406,
        0.9656987190246582,
        0.9696518778800964,
        0.9687408804893494,
        0.9696731567382812,
        0.9678255915641785,
        0.9682969450950623,
        0.9681582450866699,
        0.9669744968414307,
        0.9691612124443054,
        0.967910647392273,
        0.9659175276756287,
        0.9665220379829407,
        0.9690763354301453,
        0.9676286578178406,
        0.9692404270172119,
        0.9674476385116577,
        0.9659743905067444,
        0.967461109161377,
        0.967682957649231,
        0.9670298099517822,
        0.9677086472511292,
        0.9680936336517334,
        0.9653387665748596,
        0.9656757712364197,
        0.9678789377212524,
        0.9670649170875549,
        0.9670816659927368
    ],